{"cameraMode":{"drawMode":0,"name":"Shaded","section":"Shading Mode"},"sceneLighting":false,"audioPlay":false,"sceneViewState":{"showFog":false,"showMaterialUpdate":false,"showSkybox":false,"showFlares":true,"showImageEffects":true,"showParticleSystems":true,"showVisualEffectGraphs":true,"m_FxEnabled":true},"in2DMode":false,"pivot":{"x":0.07648205757141113,"y":-0.1565428078174591,"z":0.4942023754119873},"rotation":{"x":0.13798773288726808,"y":0.12209049612283707,"z":-0.017142949625849725,"w":0.9827350974082947},"size":0.733095109462738,"orthographic":false}