{"cameraMode":{"drawMode":0,"name":"Shaded","section":"Shading Mode"},"sceneLighting":true,"audioPlay":false,"sceneViewState":{"showFog":false,"showMaterialUpdate":false,"showSkybox":false,"showFlares":true,"showImageEffects":true,"showParticleSystems":true,"showVisualEffectGraphs":true,"m_FxEnabled":true},"in2DMode":false,"pivot":{"x":-0.12380282580852509,"y":0.6820552349090576,"z":1.3997814655303956},"rotation":{"x":0.09732694923877716,"y":0.020005492493510248,"z":-0.001958373701199889,"w":0.9950572848320007},"size":2.70739483833313,"orthographic":false}