{"cameraMode":{"drawMode":0,"name":"Shaded","section":"Shading Mode"},"sceneLighting":true,"audioPlay":false,"sceneViewState":{"showFog":false,"showMaterialUpdate":false,"showSkybox":false,"showFlares":true,"showImageEffects":true,"showParticleSystems":true,"showVisualEffectGraphs":true,"m_FxEnabled":true},"in2DMode":false,"pivot":{"x":0.23398825526237489,"y":0.4738297462463379,"z":1.435987949371338},"rotation":{"x":-0.3465782105922699,"y":-0.04303688928484917,"z":0.015920529142022134,"w":-0.9369001388549805},"size":2.207106828689575,"orthographic":false}